ShopID,AccountName,BillingCity,BillingZip,Website,HasWebsite,DirectOrdering,Note
101978.0,57 Lincoln Kitchen - 101978,Newton,2461,https://www.57lincolnkitchen.com/,True,True,
112483.0,Abe's Pizza - 112483,Athol,1331,https://abespizza.devournow.com/,True,True,
99089.0,Acton House of Pizza - 99089,Acton,1720,http://www.actonhouseofpizza.com/,True,True,
nan,Acton New London Style Pizza,Acton,1720,http://actonnewlondonstylepizza.com/,True,True,
36156.0,AJ's Pizzeria - 36156,West Boylston,1583,https://www.ajspizzeriamenu.com/?utm_source=gbp,True,True,
52681.0,Ak's Waltham - 52681,Waltham,2453,https://akswaltham.com/,True,True,
101889.0,Alexander's Pizza - 101889,Lexington,2421,http://www.alexanderspizza.net/,True,True,
51199.0,All Star Pizza Bar - 51199,Cambridge,2139,https://allstarpizzabar.com/?utm_source=google,True,True,
107409.0,American Pie Pizza & More - 107409,Fitchburg,1420,https://online.skytab.com/74fdf7bf51938afa20ad87c20709bc49,True,True,
17173.0,Amici's - 17173,Medford,2155,,False,False,No website
nan,Amore Pizza & Kitchen,Medford,2155,https://amorepizzamedford.com/,True,True,
48139.0,Anastasia's Pizza Oven & Grill - 48139,Framingham,1702,https://anastasiapizza.com/?utm_source=google,True,True,
108015.0,Andalus Pizza & Cafe - 108015,Brighton,2135,http://andaluspizzacafe.com/,True,True,
nan,ANDREAS PIZZA,WINCHESTER,1890,https://www.andreaswinchester.com/,True,True,
110949.0,Andrina's Pizzeria - 110949,Arlington,2476,http://www.andrinaspizza.com/,True,True,
nan,Angelina's Pizza and Subs,Somerville,2144,http://angelinaspizzeriasomerville.com/,True,True,
50131.0,Angelo's House of Pizza - 50131,Waltham,2453,https://www.angelospizzawaltham.menu/,True,True,
nan,Angelo's Pizza,Cambridge,2138,https://angelospizzacambridge.com/,True,True,
5170.0,Annie's Pizzeria - 5170,Medford,2155,,False,False,No website
13714.0,Anthony's Pizza - 13714,Cambridge,2141,https://www.anthonypizzacambridge.com/,True,True,
nan,Area Four,Cambridge,2139,http://www.areafour.com/,True,True,
17131.0,Arlington Cafe - 17131,Arlington,2474,https://www.eatarlingtoncafe.com/,True,True,
15433.0,Arlington House of Pizza - 15433,Arlington,2476,https://arlingtonhousepizza.com/,True,True,
nan,Arsenal Pizza,Watertown,2472,https://arsenalpizza.top/,True,True,
98916.0,Ashland Pizza Bella - 98916,Ashland,1721,https://ashlandpizzabella.com/,True,True,
nan,Ashland Pizza Palace,Ashland,1721,http://www.ashlandpizzapalace.com/,True,True,
106923.0,Athens Pizza - 106923,Waltham,2453,https://order.online/business/athens-pizza-23270,True,True,
42079.0,Athens Pizza & Family Restaurant - 42079,Leominster,1453,http://athenspizzaleominster.com/,True,True,
12133.0,Athol House of Pizza Restaurant - 12133,Athol,1331,http://www.atholhouseofpizza.com/,True,True,
nan,AVENUE KITCHEN + BAR,SOMERVILLE,2144,http://avenuesomerville.com/,True,True,
11020.0,B & F Pizza - 11020,Waltham,2451,https://www.bf-pizza.com/,True,True,
39782.0,Barre Pizza - 39782,Barre,1005,http://www.barrepizza.com/,True,True,
105549.0,Basta Pasta Trattoria - 105549,Cambridge,2139,https://bastapastacambridge.com/,True,True,
nan,Bazel's Pizza and Sub Shop,Holliston,1746,https://online.skytab.com/69fd7ecd62059568cf0617d5505b2037,True,True,
600.0,Beacon Street Pizza - 600,Somerville,2143,https://www.beaconstreetpizza.com/,True,True,
22987.0,Beauty's Pizza - 22987,Cambridge,2139,http://beauty-pizzas.com/,True,True,
nan,Bella's Pizzeria,Framingham,1701,https://www.bellaspizzeria969.com/,True,True,
nan,Belmont Pizza,Belmont,2478,,False,False,No website
109119.0,Beyti's Mediterranean Grill & Pizza - 109119,Fitchburg,1420,https://beytismediterraneangrillandpizza.com/?utm_source=gbp,True,True,
98967.0,Bhop - Boston House of Pizza - 98967,Watertown,2472,http://www.bhop-online.com/,True,True,
nan,Bianca,Chestnut Hill,2467,https://www.biancachestnuthill.com/,True,True,
112136.0,Big Daddy's 2 - 112136,Arlington,2474,https://bdpizza.com/,True,True,
48355.0,Big Daddy's Pizza & Steak Subs - 48355,Brighton,2135,http://bdpizza.com/,True,True,
112029.0,Bill's Pizzeria - 112029,Newton Centre,2459,http://billspizzeria.com/,True,True,
12229.0,Bill's Pizzeria - 12229,Hopkinton,1748,,False,False,No website
52439.0,Bill's Pizzeria - 52439,Natick,1760,https://bills-natick.foodtecsolutions.com/ordering/intro,True,True,
nan,Black Sheep Tavern,Sterling,1564,https://meetmeatthesheep.com/,True,True,
53051.0,Blue Square Pizza - 53051,Hopkinton,1748,https://bluesquarepizza.com/,True,True,
nan,Bocelli's,Medford,2155,http://www.bocellismedford.com/,True,True,
52894.0,Boss Pizza & Wings - 52894,Fitchburg,1420,https://fitchburgpizza.com/,True,True,
110028.0,Boylston House of Pizza - 110028,Boylston,1505,https://www.boylstonpizzeria.com/,True,True,
98995.0,Brattle Stop Market - 98995,Worcester,1606,http://brattlestoppizza.com/,True,True,
13513.0,Bravo Pizza - 13513,Boxborough,1719,http://bravopizzaboxboro.com/,True,True,
110296.0,Braza Pizzeria & Wings - 110296,Southborough,1772,https://brazapizzeria.com/,True,True,
17284.0,Brick Fire Pizza - 17284,Newton Upper Fls,2464,http://www.brickfirepizzaco.com/,True,True,
15194.0,Brickstone Cafe - 15194,Arlington,2474,https://www.brickstonearlington.com/,True,True,
4728.0,Brighton House of Pizza - 4728,Brighton,2135,http://www.brightonhouseofpizza.com/,True,True,
106790.0,Brother's Pizza - 106790,Hudson,1749,https://hudsonbrotherspizza.com/,True,True,
39272.0,Brothers Pizza - 39272,Ashburnham,1430,http://www.ashburnhambrothers.com/,True,True,
nan,Bruno's Pizza,Groton,1450,http://brunos-pizza-groton.lany.io/,True,True,
33024.0,Burncoat Pizza - 33024,Worcester,1606,https://burncoatpizza.net/,True,True,
5799.0,C & M Pizza - 5799,Leominster,1453,http://www.candmpizza.com/,True,True,
12171.0,C & N Pizza - 12171,Newton,2458,https://newtonpizzagrill.com/?utm_source=google,True,True,
nan,C & S Pizza Of Pepperell,Pepperell,1463,http://www.mycandspizza.com/,True,True,
35862.0,C & S Pizza of Winchendon - 35862,Winchendon,1475,https://www.cspizzaofwinchendonmenu.com/?utm_source=gbp,True,True,
nan,Caesar's Pizza & Subs,Somerville,2143,,False,False,No website
nan,Cambridge House Of Pizza,Cambridge,2140,,False,False,No website
112079.0,Cambridge Italian Pizzeria - 112079,Cambridge,2138,http://www.cambridgeitalianpizzeria.com/,True,True,
50525.0,Cambridge Pizza - 50525,Cambridge,2139,https://www.cambridgepizza.com/,True,True,
953.0,Cambridge Pizzeria - 953,Cambridge,2139,http://www.cambridgepizzamenu.com/?utm_source=gbp,True,True,
47259.0,Casa Pizza & Pasta - 47259,Medford,2155,http://www.casapizzamedford.com/,True,True,
nan,Celebrity Pizza,Watertown,2472,http://www.celebritypizzainc.com/,True,True,
110580.0,Centre Pizza - 110580,Sterling,1564,https://sterlingcentrepizzama.com/,True,True,
3131.0,Charlie's Pizza & Cafe - 3131,Allston,2134,http://www.charliespizzaallston.com/,True,True,
nan,Checkerboards Pizza Restaurant & Bar,Hudson,1749,http://www.checkerboardsrestaurant.com/,True,True,
nan,Christos Place,Winchendon,1475,https://m.facebook.com/131652486908787/,True,True,
36718.0,Ciao Bella - 36718,Worcester,1605,http://ciaobellatakeout.com/,True,True,
nan,Ciao! Pizza and Pasta,Somerville,2144,http://ciaopizzaandpasta.com/,True,True,
22988.0,Cinderella's Bar & Restaurant - 22988,Cambridge,2139,https://www.cinderellasbar.com/,True,True,
8427.0,City Slicker Cafe - 8427,Somerville,2143,,False,False,No website
17472.0,CJ's Gourmet Pizza & Grill - 17472,Sudbury,1776,https://www.cjssudbury.com/,True,True,
nan,CJS GOURMET PIZZERIA,HUDSON,1749,https://cjspizzagrill.com/,True,True,
nan,Classic Pizza Restaurant,Marlborough,1752,http://www.classicpizza1.com/,True,True,
43211.0,Classic Pizza Restaurant III - 43211,Bolton,1740,https://www.24seveneatsonline.com/api/fb/1_vwk5,True,True,
nan,Cleghorn House Of pizza,Fitchburg,1420,http://www.cleghornpizza.com/,True,True,
47894.0,College Pizza - 47894,Boston,2215,https://collegepizza.orderrit.com/,True,True,
17317.0,Cooks Window Italian Pizza & Catering - 17317,Wellesley,2481,http://www.cookswindowwellesley.com/,True,True,
nan,Corrado's Pizzeria,Natick,1760,https://www.corradossubs.com/,True,True,
36122.0,Country Pizza - 36122,Fitchburg,1420,http://countrypizzafitchburg.com/,True,True,
17386.0,D & A House Of Pizza - 17386,Newton,2458,http://www.dandahouseofpizza.com/,True,True,
10124.0,D & D Pizza & Subs - 10124,Watertown,2472,http://ddpizzasubstogo.com/,True,True,
57643.0,Da LaPosta Pizzeria - 57643,Newton,2460,http://dalaposta.com/,True,True,
nan,Daddy's Best Pizza,Leominster,1453,https://www.daddysbest-pizza.com/,True,True,
41525.0,Dario's Brick Oven Restaurante - 41525,Lunenburg,1462,https://www.dariosristorante.com/,True,True,
98724.0,Davis Square Pizzeria - 98724,Somerville,2144,http://www.davissquarepizza.com/,True,True,
50726.0,Deluxe Pizza - 50726,Wellesley Hills,2481,,False,False,No website
107238.0,Detroit Pizza Co. - 107238,Brighton,2135,http://dpcboston.com/,True,True,
17649.0,Devens Pizza & Deli - 17649,Ayer,1432,http://www.devenspizza.com/,True,True,
103208.0,Di Napoli Pizzeria - 103208,Westford,1886,https://www.dinapolipizzeria.com/,True,True,
52807.0,Dicapri Pizzeria - 52807,Acton,1720,http://dicapripizza.com/,True,True,
nan,Diggy's Pizza,Westford,1886,,False,False,No website
nan,Dino's Kouzina & Pizzeria,Concord,1742,http://www.dinoskouzina.com/,True,True,
nan,DINOS PIZZA,CONCORD,1742,http://www.dinoskouzina.com/,True,True,
nan,Dominican Grill Chicken Pizza,Waltham,2451,http://dominicangrillcp.com/,True,True,
18767.0,Dragon Pizza - 18767,Somerville,2144,http://www.dragonpizzasomerville.com/,True,True,
4318.0,Eddy's Place - 4318,Medford,2155,http://www.eddysplace.net/,True,True,
104050.0,Enzina Bakery - 104050,Waltham,2451,https://www.getenzinabakery.com/,True,True,
103273.0,Enzina Pizzeria - 103273,Waltham,2451,http://www.getenzina.com/,True,True,
16906.0,Ernesto's Pizza - 16906,Somerville,2145,https://www.ernestospizzamenu.com/?utm_source=gbp,True,True,
40008.0,Eros Gourmet Pizza & Deli - 40008,Southborough,1772,https://www.erosgourmetpizza.com/,True,True,
30305.0,Espresso Pizza - 30305,Fitchburg,1420,https://www.espressopizzafitchburg.com/,True,True,
42306.0,Espresso Pizza & Eatery II - 42306,Leominster,1453,https://espressopizzaeateryii.com/,True,True,
105275.0,Evviva Trattoria Marlborough - 105275,Marlborough,1752,https://www.evvivatrattoria.com/,True,True,
11450.0,Express Pizza - 11450,Bedford,1730,http://expresspizzabedford.com/,True,True,
nan,Family House Of Pizza,Marlborough,1752,https://www.familyhouseofpizza.com/,True,True,
3595.0,Family Style Pizza - 3595,Framingham,1702,https://eatfamilystylepizza.com/?utm_source=google,True,True,
42156.0,Fastway Pizza - 42156,Worcester,1606,http://fastwaypizza.com/,True,True,
nan,FiDO Pizza,Boston,2134,http://www.fidopizza.com/,True,True,
111173.0,FIESTA BITES PIZZERIA - 111173,Arlington,2476,http://fiestabitespizzeria.com/,True,True,
nan,Fiorella's Express,Lexington,2421,https://www.fiorellas.com/,True,True,
nan,Fiorella's Trattoria,Lexington,2421,https://www.fiorellas.com/,True,True,
103687.0,For Pizza - 103687,Medford,2155,http://www.forpizza.com/,True,True,
nan,Framingham Sub Shop & Pizza,Framingham,1702,https://framinghamsubsandpizza.com/,True,True,
13556.0,Franco's Pizzeria & Pub - 13556,Waltham,2453,https://www.francospizzeriapub.com/?utm_source=gbp,True,True,
17457.0,Franco's Trattoria - 17457,Sudbury,1776,http://www.welovefrancos.com/,True,True,
56920.0,Friendly Pizza - 56920,Framingham,1702,http://orderfriendlypizza.com/,True,True,
51004.0,Friendly Town Pizza - 51004,Athol,1331,https://www.friendlytownpizza.com/?utm_source=gbp,True,True,
650.0,Friends Pizza - 650,Somerville,2145,https://www.friendspizzamenu.com/,True,True,
110100.0,From Scratch-Authentic Italian Pizzeria - 110100,Brighton,2135,http://www.fromscratch-g.com/,True,True,
35287.0,Gabby's Pizza - 35287,Winchendon,1475,https://www.gabbyspizza.com/,True,True,
44469.0,Garden Pizza & Seafood - 44469,Gardner,1440,https://gardenpizza24.com/,True,True,
39080.0,Garden Pizza & Sub - 39080,Worcester,1605,https://www.gardenpizzasub.com/?utm_source=gbp,True,True,
47117.0,Gaya Pizzeria - 47117,Somerville,2143,http://www.gayapizzeriamenu.com/?utm_source=gbp,True,True,
9467.0,George's Pizza - 9467,Natick,1760,http://www.georgespizzanatick.com/,True,True,
1139.0,Gerry's Italian Kitchen - 1139,Watertown,2472,http://gerrysitaliankitchen.com/,True,True,
nan,Giacomo's Ristorante,Wayland,1778,http://www.giacomoswayland.com/,True,True,
nan,Gianni's Deli And pizza,Needham,2494,http://www.giannisneedham.com/,True,True,
nan,Gianni's Pizza and Sub's Inc,Framingham,1701,https://giannispizzaframingham.com/pizza/,True,True,
54017.0,Gigi's Pizza Co - 54017,Watertown,2472,https://www.gigispizzaco.com/,True,True,
100661.0,Giorgio's Italian Pizzeria - 100661,Hudson,1749,https://giorgiospizzahudson.com/,True,True,
14162.0,Giovanni's Famous Pizza - 14162,Natick,1760,https://www.giovannishomeofpizza.com/,True,True,
nan,Gloria's Pizzeria,Winchester,1890,http://www.gloriaspizzeria.com/,True,True,
106047.0,Goda's Pizza - 106047,Holden,1520,https://godaspizza.com/,True,True,
nan,Graffiti Pizza and Street Food,Boston,2134,https://www.graffitistreetfood.com/,True,True,
nan,Gran Gusto,Cambridge,2140,http://www.grangustocambridge.com/,True,True,
100421.0,Granvitors Pizza - 100421,Medford,2155,https://granvitorpizzatogo.com/,True,True,
44918.0,Greendale Pizza - 44918,Worcester,1606,,False,False,Place not found
16081.0,Greenhouse Kitchen - 16081,Brighton,2135,,False,False,Place not found
17484.0,Gregory's House of Pizza - 17484,Belmont,2478,http://www.gregoryspizza.com/,True,True,
nan,Gufo,Cambridge,2141,http://gufocambridge.com/,True,True,
111955.0,Half Shell Pizza & More - 111955,Cambridge,2140,,False,False,No website
16907.0,Harvard House of Pizza - 16907,Cambridge,2138,http://harvardhouseofpizza.com/,True,True,
nan,Hearth Pizzeria,Needham,2492,http://hearthpizzeria.com/,True,True,
nan,Hiller's Pizza,Hopkinton,1748,http://www.hillerspizzeria.com/,True,True,
106035.0,Holden Pizza - 106035,Holden,1520,https://holdenpizza.pizza/?utm_source=google,True,True,
105701.0,Hot Box - 105701,Somerville,2143,https://www.eathotbox.com/,True,True,
nan,Hot Tomatoes,Somerville,2143,https://hottomatoesco.com/?utm_source=google,True,True,
34298.0,Hubbardston Pizza Palace - 34298,Hubbardston,1452,http://hubbardstonpizza.com/,True,True,
5956.0,Hudson House of Pizza - 5956,Hudson,1749,https://www.hudsonhouseofpizzeria.com/,True,True,
nan,Il Forno Brick Oven Pizza,Lunenburg,1462,http://www.il-forno.com/,True,True,
50185.0,Inbound Pizza - 50185,Allston,2134,http://www.myinboundpizza.com/,True,True,
nan,Ita's Pizza Kitchen,Worcester,1605,,False,False,No website
nan,Jack's Abby Brewing,Framingham,1702,http://jacksabby.com/,True,True,
41413.0,Jim's Pizza - 41413,Worcester,1605,https://www.jimspizzaworcester.com/,True,True,
nan,Jinny's Pizzeria,Newton,2459,https://www.jinnyspizza.com/,True,True,
54365.0,Joe Pizza - 54365,Medford,2155,http://www.joepizza.net/,True,True,
104633.0,Johnnie's Pizza & Wings - 104633,Watertown,2472,https://app.masa.plus/6378?fbclid=IwAR1BnoP-p_CfBvplxTszcjrNYGE13VtopAjhjUeeLwDji84OoD0_kSbAmGo,True,True,
108854.0,Josephine - 108854,Somerville,2143,https://www.josephinepizza.com/,True,True,
nan,Junction RPD,Ayer,1432,http://junctionpizzaayer.com/,True,True,
nan,June Bug,Somerville,2143,https://www.junebugrestaurant.com/,True,True,
nan,Junior Pizza House,Acton,1720,http://www.juniorspizzaonline.com/zgrid/themes/780/mobile/intro/index.jsp,True,True,
nan,Karines Pizza And Deli,Marlborough,1752,https://www.karinesdeli.com/,True,True,
54622.0,Ken's NY Deli & Pizza - 54622,Bedford,1730,http://www.kensnydeli.com/,True,True,
17343.0,Kendall House of Pizza - 17343,Cambridge,2141,https://www.kendallhouseofpizzamenu.com/?utm_source=gbp,True,True,
52911.0,Kindles Wood Fired Brick Oven Pizzeria - 52911,Marlborough,1752,https://kindlespizzeria.com/,True,True,
nan,Kosta's Pizza and Seafood,Needham,2492,,False,False,No website
2172.0,La Befana Pizzeria - 2172,Allston,2134,https://ordering.chownow.com/order/3080/locations?add_cn_ordering_class=true,True,True,
102013.0,La GaZZa Brazilian Kitchen - 102013,Leominster,1453,https://lagazzabraziliankitchen.com/,True,True,
105871.0,La GaZZa Brazilian Kitchen - 105871,Framingham,1701,https://lagazzabraziliankitchen.com/,True,True,
103532.0,La Mamma Pizza & More - 103532,Allston,2134,http://orderlamammapizzaandmore.com/,True,True,
nan,La Toscana's Pizzeria,Wellesley,2482,https://www.latoscanasrestaurant.com/,True,True,
56714.0,LaGazza Kitchen - 56714,Leominster,1453,https://lagazzabraziliankitchen.com/,True,True,
56834.0,Land of Fire Pizzeria - 56834,Brighton,2135,https://www.landoffirepizzeria.com/?utm_source=gbp,True,True,
nan,Lazy Mary's Pizzeria,Ayer,1432,http://www.lazymarys.com/,True,True,
17731.0,Lena's Original Pizza & Sub - 17731,Waltham,2451,http://www.getlenas.com/,True,True,
43188.0,Leominster House of Pizza - 43188,Leominster,1453,https://leominsterhouseofpizza.godaddysites.com/,True,True,
nan,Leone's Sub And Pizza,Somerville,2145,https://www.leonessubandpizzas.com/,True,True,
17402.0,Lexington House Of Pizza - 17402,Lexington,2420,https://www.lexingtonhouseofpizza.com/,True,True,
nan,Liberty Famous Pizza,Framingham,1701,https://libertysfamouspizza.com/,True,True,
49028.0,Liberty's Pizza of Natick - 49028,Natick,1760,https://www.libertyspizzaofnatick.com/,True,True,
109496.0,Little Family Pizza - 109496,Watertown,2472,https://www.littlefamilypizzamenu.com/,True,True,
504.0,Little Pizza King - 504,Brighton,2135,https://www.lpkbrighton.com/,True,True,
nan,Ma Magoo's,Cambridge,2138,http://www.mamagoos.com/,True,True,
56692.0,Main Street Pizza - 56692,Hudson,1749,http://www.hudsonmainstreetpizza.com/?utm_source=google&utm_medium=organic&utm_campaign=gbp-website-link&utm_content=website_button,True,True,
4241.0,Mama Gina's Pizza - 4241,Somerville,2143,https://mamaginassomerville.com/?utm_source=google,True,True,
nan,Mama's Bakery,Ashland,1721,https://www.instagram.com/pizzariamamashouse?igsh=eGMzcHd2cGQyM3pi,True,True,
55087.0,Mamma Lisa's Pizzeria - 55087,Somerville,2145,http://www.mammalisaspizza.com/,True,True,
nan,Mariano's Ristorante,Pepperell,1463,,False,False,No website
52146.0,Mark & Toni's Coal Fired Pizza - 52146,Belmont,2478,https://markandtonis.com/,True,True,
50929.0,Mark's Pizza & Subs - 50929,Wellesley Hills,2481,http://www.markspizzaandsubs.com/,True,True,
8798.0,Marlboro House of Pizza - 8798,Marlborough,1752,https://marlborohouseofpizza.com/,True,True,
57438.0,Master Pies Pizza - 57438,Arlington,2476,,False,False,Place not found
nan,Max & Leos Artisan Pizza,Sudbury,1776,http://www.maxandleospizza.com/sudbury,True,True,
17485.0,Max And Leo's Artisan Pizza - 17485,Newton,2458,https://www.maxandleospizza.com/newton,True,True,
111197.0,Maynard Pizza & Bar - 111197,Maynard,1754,http://www.maynardpizzabar.com/,True,True,
53369.0,Maynard Village Pizza - 53369,Maynard,1754,https://www.maynardvillagepizza.biz/,True,True,
nan,Michael's Pizza,Belmont,2478,https://michaelspizzabelmont.com/,True,True,
107631.0,Mike's Pizza - 107631,Westminster,1473,http://mikespizzawestminster.com/,True,True,
4563.0,Milano Pizza - 4563,Brighton,2135,https://www.milanobrighton.com/?utm_source=gbp,True,True,
11294.0,Mingaliens Trattoria - 11294,Natick,1760,http://www.mingalienstrattoria.com/?utm_source=gbp,True,True,
55183.0,Momo Bistro & Brick Oven Pizza - 55183,Fitchburg,1420,https://www.momobistrobrickovenpizzamenu.com/?utm_source=gbp,True,True,
19949.0,Mortadella Head - 19949,Somerville,2144,http://mortadellahead.com/,True,True,
37815.0,Mr Z's Pizza - 37815,Clinton,1510,http://mrzpizza.com/,True,True,
104018.0,Mr. Roni Cups - 104018,Chestnut Hill,2467,https://www.mrronicups.com/,True,True,
16913.0,My Brother's Place - 16913,Arlington,2474,http://mybrothersplacearlington.com/,True,True,
nan,Nani's Pizza,Clinton,1510,https://www.ninaspizzaclinton.com/,True,True,
19931.0,Nashoba Club - 19931,Ayer,1432,http://www.nashobaclubpizza.com/,True,True,
nan,Nashoba Pizza,Westford,1886,http://www.nashobapizzaseafood.com/,True,True,
nan,Needham House Of Pizza,Needham,2492,http://www.needhamhouseofpizza.com/,True,True,
nan,New London Style Pizza-Concord,Concord,1742,http://www.newlondonstylepizza.com/,True,True,
4571.0,New York Fried Chicken & Pizza - 4571,Brighton,2135,,False,False,No website
nan,New York Pizza Central Square,Cambridge,2139,https://newyorkpizzaboston.com/,True,True,
8883.0,New York Taco & Pizza - 8883,Waltham,2452,https://www.newyorktacopizza.com/,True,True,
53830.0,Newton Center Town Pizza - 53830,Newton Centre,2459,,False,False,No website
100224.0,Newton Corner House of Pizza - 100224,Watertown,2472,https://www.newtoncornerhouseofpizza.com/?utm_source=gbp,True,True,
17385.0,Newtonville Pizza - 17385,Newton,2460,https://newtonvillepizza.com/,True,True,
15911.0,Nicholas' Pizzeria - 15911,Needham,2492,https://www.nicholaspizzeria.com/,True,True,
nan,Nick's Deli & Pizza,Marlborough,1752,http://www.nicksroastbeefdeli.com/,True,True,
49801.0,Nick's House of Pizza - 49801,Medford,2155,https://www.nickspizzaofmedford.com/,True,True,
17020.0,Nick's Pizza & Grill - 17020,Ashland,1721,https://www.nickspizzagril.com/,True,True,
17217.0,Nick's Pizza House - 17217,Natick,1760,https://www.nickspizzahousemenu.com/,True,True,
9158.0,Nick's Place - 9158,Lexington,2420,https://nicksplacelexington.com/,True,True,
47089.0,Nick's Place 2 - 47089,Belmont,2478,http://nickplace2belmont.com/,True,True,
46030.0,Niko's Pizza & Chicken - 46030,North Uxbridge,1468,https://nikoschickenuxbridge.com/,True,True,
45988.0,Northeast Pizza Barre - 45988,Barre,1005,http://www.barrepizza.com/,True,True,
111325.0,NY Pie - 111325,Waltham,2453,https://nypiepizza.com/,True,True,
1834.0,NY Pizza - 1834,Leominster,1453,https://leominsternypizza.com/,True,True,
3446.0,Oak Hill Pizza - 3446,Newton Center,2459,https://www.oakhillpizzeria.com/,True,True,
105595.0,Oath Pizza Linden Square Wellesley - 105595,Wellesley,2482,https://oathpizzaboston.com/?utm_source=google,True,True,
6955.0,Oggi Gourmet - 6955,Cambridge,2138,https://www.oggigourmetmenu.com/,True,True,
nan,Old School Italian Pizzeria,Wellesley,2482,http://www.ospizza.com/,True,True,
nan,olo Pizza,Worcester,1606,https://www.olopizza.com/,True,True,
21012.0,Olympic Pizza - 21012,Arlington,2474,https://theolympicpizza.com/,True,True,
46097.0,Orbit Pizza - 46097,Holden,1520,,False,False,No website
nan,P & S Pizza House,Clinton,1510,http://www.pandspizza.com/,True,True,
nan,P & S Pizza Inc,Clinton,1510,http://www.pandspizza.com/,True,True,
54540.0,"Padaria Brasil - Bakery, Buffet & Pizzeria - 54540",Framingham,1702,https://padariabrasil.co/Website,True,True,
nan,Papous Pizzas,Leominster,1453,http://papouspizza.menu/,True,True,
34741.0,Park Hill Pizza - 34741,Fitchburg,1420,http://parkhillpizza.com/,True,True,
101913.0,Parker House Of Pizza - 101913,Gardner,1440,http://parkerhousepizza.com/,True,True,
12914.0,Parrot Pizza Holden - 12914,Holden,1520,https://www.parrotpizzaholden.com/,True,True,
nan,Patriot Pizza & Subs,Townsend,1469,http://www.patriotpizzasubs.com/,True,True,
44812.0,Patriots Pizza & More - 44812,Gardner,1440,http://www.patriotpizzasubsgardner.com/,True,True,
12556.0,Patriots Roast Beef & Pizza - 12556,Templeton,1468,http://www.patriotsroastbeefpizzamenu.com/,True,True,
3056.0,Pepi's Pizzeria - 3056,Somerville,2145,http://www.pepispizzeria.com/,True,True,
nan,Peter's Pizza,Wellesley,2481,https://www.peterspizzawellesley.com/,True,True,
nan,Pini's Pizzeria,Medford,2155,http://pinis-medford.com/,True,True,
16729.0,Pini's Pizzeria - 16729,Waltham,2453,http://www.pinis-pizza.com/,True,True,
46787.0,Pinky's Famous Pizza - 46787,Medford,2155,https://www.pinkysfamouspizzamenu.com/?utm_source=gbp,True,True,
9533.0,Pino's Pizza - 9533,Brighton,2135,http://pinospizza.com/,True,True,
nan,Pinocchio's Pizza & Subs,Cambridge,2138,http://www.pinocchiospizza.net/,True,True,
43170.0,Pizza Bella - 43170,Devens,1434,http://www.pizzabelladevens.com/,True,True,
18915.0,Pizza By Rocco - 18915,Natick,1760,https://pizzabyrocco.com/,True,True,
52816.0,Pizza Etc - 52816,Brighton,2135,http://www.pizza-etc.com/,True,True,
17299.0,Pizza Express - 17299,Maynard,1754,https://www.pizzaexpressofmaynard.com/?utm_source=gbp,True,True,
17635.0,Pizza Express & More - 17635,Littleton,1460,,False,False,No website
35647.0,Pizza King - 35647,Leominster,1453,https://order.restomenu.com/en/pizza-king-leominster/menu,True,True,
17158.0,Pizza Market - 17158,West Newton,2465,https://westnewtonpizzamarket.com/,True,True,
110710.0,Pizza Mine - 110710,Ashland,1721,https://www.pizzaminema.com/,True,True,
nan,Pizza Peddler & Deli,Natick,1760,https://www.pizzapeddleranddeli.com/,True,True,
111836.0,Pizza Pie & Kitchen - 111836,Marlborough,1752,https://pizzapiekitchen.com/,True,True,
17163.0,Pizza Pizzazz - 17163,Pepperell,1463,https://www.pizzapizzazzpepperell.com/,True,True,
17225.0,Pizza Pizzazz - 17225,Townsend,1469,http://www.townsendpizzapizzazz.com/index.php,True,True,
nan,Pizza Project,Brighton,2135,http://www.pizzaprojectboston.com/,True,True,
102662.0,Pizza Shop at South Natick - 102662,Natick,1760,https://southnatickpizza.com/,True,True,
nan,Pizza Stop,Brookline,2445,https://brooklinepizzastop.com/,True,True,
4115.0,Pizza Wagon - 4115,Framingham,1701,http://pizzawagonframingham.com/index.php,True,True,
nan,Pizza-Roma,Watertown,2472,https://pizza-roma-watertownma.square.site/,True,True,
nan,"Pizzarella, Inc.",Marlborough,1752,https://pizzarellama.com/,True,True,
44708.0,Pizzaville - 44708,Southborough,1772,http://www.pizzavilletogo.com/,True,True,
nan,Pizzeria Presti,Westford,1886,http://pizzeriaprestiwestford.com/,True,True,
109688.0,Planett Pizza - 109688,Marlborough,1752,http://www.planettpizza.com/,True,True,
nan,Pleasant Pizza & Grill,Marlborough,1752,http://pleasantpizzagrill.com/,True,True,
36127.0,Pomodoro's Pizza - 36127,Worcester,1605,https://www.pomodorosworcester.com/,True,True,
17396.0,Post Road Pizza - 17396,Marlborough,1752,https://www.postroadpizzamenu.com/?utm_source=gbp,True,True,
nan,Posto,Somerville,2144,http://www.postoboston.com/,True,True,
nan,Prairie Fire,Brookline,2446,https://www.prairiefirebrookline.com/,True,True,
38294.0,Presto Pizza - 38294,Lunenburg,1462,http://www.prestopizzalunenburg.com/,True,True,
12121.0,Primo Pizza of Cambridge & Roast Beef - 12121,Cambridge,2139,http://www.primocambridge.com/,True,True,
105602.0,Princeton House of Pizza - 105602,Princeton,1541,http://princetonpizzaria.com/,True,True,
nan,Proof Pizzeria,Allston,2134,http://proofpizzeriama.com/,True,True,
52702.0,Rail Trail Flatbread Co - 52702,Hudson,1749,http://www.railtrailflatbread.com/,True,True,
53363.0,Ready Set Pizza - 53363,Worcester,1606,http://www.readysetpizza.net/,True,True,
12867.0,Real Italian Gusto - 12867,Medford,2155,http://www.realitaliangusto.com/,True,True,
nan,Red Tomato Pizza,Barre,1005,http://www.redtomatopizzarestaurant.com/,True,True,
39381.0,Reno's Pizzeria - 39381,Templeton,1438,https://www.renosma.com/,True,True,
52321.0,Restaurant Pizza Works - 52321,Worcester,1605,https://www.restaurantpizzaworksmenu.com/?utm_source=gbp,True,True,
111234.0,Riverbridge Pizza & Deli - 111234,Berlin,1503,https://www.riverbridgepizza.com/,True,True,
nan,Riverside Pizza & Seafoods,Cambridge,2139,https://www.riversidepizzacambridge.com/,True,True,
nan,Road Runner Pizza,WORCESTER,1606,http://www.roadrunnerpizza-worcester.com/hamilton/,True,True,
47912.0,Roasted Peppers - 47912,Maynard,1754,https://maynardroastedpeppers.com/,True,True,
52995.0,Roasted Peppers Pizza - 52995,Leominster,1453,http://myroastedpeppersleominster.com/,True,True,
47605.0,Rock City Pizza - 47605,Boston,2134,https://www.rockcitypizzeria.com/,True,True,
nan,Romano Pizza and Pasta,Acton,1720,http://www.romanopizzapasta.com/,True,True,
52671.0,Rossini's Pizzeria - 52671,Sudbury,1776,http://www.rossinispizzeria.com/,True,True,
17455.0,Rossini's Pizzeria & Restaurant - 17455,Concord,1742,https://www.rossiniseasy.com/,True,True,
51002.0,Royal Pizza & Subs - 51002,Somerville,2143,http://royalpizzaandsubs.com/,True,True,
10066.0,Rustic Pizza - 10066,Sherborn,1770,https://www.rusticpizzaus.com/,True,True,
44926.0,Rutland House of Pizza - 44926,Rutland,15430,https://rutlandpizza.com/,True,True,
54340.0,Sammy's Pizza & Fried Chicken - 54340,Brighton,2135,http://sammyspizzabrighton.com/,True,True,
nan,Semolina Kitchen & Bar,Medford,2155,http://semolinakitchen.com/,True,True,
nan,Shannon's Pizza,West Boylston,1583,https://online.skytab.com/bc6f5eac44c0f9b738befc17cc90a6ec,True,True,
nan,Shirley Sub Shoppe,Shirley,1464,https://shirleysub.com/,True,True,
nan,Si Cara,Cambridge,2139,https://www.sicarapizza.com/,True,True,
100954.0,Silk Global Cuisine - 100954,Framingham,1701,,False,False,No website
nan,Silver Palate Pizza,Westford,1886,http://www.silverpalatepizza.com/,True,True,
17407.0,Skampa - 17407,Cambridge,2141,http://www.skampamenu.com/?utm_source=gbp,True,True,
32407.0,Slater's - 32407,Bolton,1740,https://www.eatatslaters.com/,True,True,
nan,Sophia's Pizzeria,Townsend,1469,https://www.sophiaspizzeriatownsendma.com/,True,True,
nan,Sorrento's Brick Oven Pizzeria,Acton,1720,https://sorrentospizzeria.com/,True,True,
37609.0,Sorrento's Pizzeria - 37609,Harvard,1451,http://www.sorrentospizzeria.com/,True,True,
52164.0,Source Restaurants - 52164,Cambridge,2138,http://sourcerestaurants.com/,True,True,
41336.0,Southborough House of Pizza - 41336,Southborough,1772,http://southborough-pizza.com/,True,True,
nan,Southborough Pizza,Southborough,1772,http://southborough-pizza.com/,True,True,
nan,Spruce Street Tavern,Clinton,1510,http://www.sprucestreettavern.com/,True,True,
111412.0,Square Manufacturing - 111412,Natick,1760,http://squaremfg.co/,True,True,
110705.0,Stefanos' House of Pizza - 110705,Westminster,1473,https://stefanospizzas.com/,True,True,
nan,Stella's Pizza,Watertown,2472,http://stellaspizza.com/,True,True,
106042.0,Sterling Village Pizza & More - 106042,Sterling,1564,https://www.sterlingvillagepizza.com/,True,True,
nan,Steve's House Of Pizza,Bedford,1730,http://stevespizzabedford.com/,True,True,
41606.0,Steve's Pizza - 41606,West Boylston,1583,,False,False,No website
nan,STOKED PIZZA,BROOKLINE,02446-2201,http://www.stokedpizzaco.com/,True,True,
nan,Stoked Pizza Company,Cambridge,2138,http://www.stokedpizzaco.com/,True,True,
15251.0,Stone L'Oven Pizza Co - 15251,Newton,2468,https://stonelovennewton.com/,True,True,
58104.0,Stow House Of Pizza - 58104,Stow,1775,http://stowhouseofpizza.com/,True,True,
50826.0,Street Kitchen - 50826,Marlborough,1752,http://www.streetkitchenonline.com/,True,True,
58103.0,Sudbury Pizza Place - 58103,Sudbury,1776,http://sudburypizza.net/en,True,True,
110998.0,Super Dough Pizza - 110998,Newton,2464,https://superdoughpizzaco.com/,True,True,
nan,Sweet Tomatoes Neapolitan Pizza,Newton Center,2459,http://www.sweettomatoespizza.com/,True,True,
12385.0,T Anthony Pizzeria - 12385,Boston,2215,http://www.tanthonypizzeria.com/,True,True,
101444.0,T. C. Lando's Sub & Pizzeria - 101444,Clinton,1510,https://tclandos.com/,True,True,
101725.0,T.C Lando's Sub & Pizzeria - 101725,Leominster,1453,https://tclandos.com/,True,True,
nan,Table Top Pizza,Holliston,1746,http://hollistonpizza.com/,True,True,
11636.0,Tango Pizza - 11636,Framingham,1702,http://www.tangopizzas.com/,True,True,
12073.0,Tara Restaurant Pizza & More - 12073,Waltham,2453,http://taramenu.com/?utm_source=gbp,True,True,
nan,Tarboosh Pizza and Mediterranean Grill,Allston,2134,http://www.tarbooshboston.com/,True,True,
101723.0,TC Lando's Subs & Pizzeria - 101723,Hudson,1749,https://tclandos.com/,True,True,
nan,Tenderoni's,Boston,2215,http://www.tenderonis.com/,True,True,
110859.0,The Brookline Pizza Spa - 110859,Brookline,2445,http://thebrooklinepizzaspa.com/,True,True,
nan,The Cottage,Ayer,1432,http://www.cottageayer.com/,True,True,
nan,The Ford Tavern,Medford,2155,https://www.thefordtavern.com/,True,True,
12155.0,The Original Ronny's Place - 12155,Medford,2155,http://www.theoriginalronnysplace.com/?utm_source=gbp,True,True,
12178.0,The Plum Tomato - 12178,Marlborough,1752,http://myplumtomato.com/,True,True,
17771.0,The Sub Way & Pizza - 17771,Framingham,1702,https://www.thesubwayandpizzaonline.com/,True,True,
nan,Theo's House Of Pizza,Natick,1760,https://www.theospizzanatick.com/,True,True,
110868.0,Theo's Pizza - 110868,Belmont,2478,https://theospizzaonline.com/,True,True,
1613.0,Theo's Pizzeria and Grille - 1613,Weston,2493,https://www.theospizzagrillmenu.com/,True,True,
nan,Tom's Pizza & Sandwich Shop,Auburndale,2466,http://www.toms-pizza.com/,True,True,
39214.0,Tomatoes Pizzeria - 39214,Leominster,1453,https://tomatoespizzeria-mainst-leominster-ma.securebrygid.com/zgrid/themes/13113/mobile/intro/index.jsp,True,True,
37055.0,Tool Town Pizza - 37055,Athol,1331,https://tooltown-pizza.com/?y_source=1_MjAxNTc2MTE1OC03MTUtbG9jYXRpb24ud2Vic2l0ZQ%3D%3D,True,True,
3192.0,Toscano's Italian Kitchen - 3192,Winchester,1890,https://toscanositalianfood.com/,True,True,
nan,Toula's House Of Pizza,Rutland,1543,http://www.toulaspizzarutland.com/,True,True,
35745.0,Town House of Pizza - 35745,Westminster,1473,https://townpizzasm.com/,True,True,
107037.0,Town House Pizza & Roast Beef - 107037,Ashland,1721,http://townhousepizzaroastbeef.com/,True,True,
1069.0,Union Square Pizza & Sub - 1069,Somerville,2143,https://www.unionsquarepizzamenu.com/?utm_source=gbp,True,True,
nan,University Grill & Pizza,Boston,2215,http://ugrillboston.com/,True,True,
nan,University Pizza,Framingham,1701,https://www.24seveneatsonline.com/api/fb/b5_j_z_d,True,True,
9244.0,Veggie Crust - Brookline - 9244,Brookline,2445,https://www.vegcrust.com/,True,True,
103838.0,Veggie Crust - Somerville - 103838,Somerville,2143,http://vegcrust.com/,True,True,
nan,Veggie Crust (Kosher) - Waltham,Waltham,2453,https://vegcrust.com/,True,True,
50832.0,Venice Italian Kitchen - 50832,Arlington,2474,https://venicepizzaarlington.com/,True,True,
46876.0,Venus Pizza - 46876,Somerville,2144,https://www.venuspizzagrill.com/,True,True,
nan,Verona Pizza & Seafood,Ayer,1432,,False,False,No website
17625.0,Village Fare Pizza - 17625,Brookline,2446,http://www.villagefarepizza.com/,True,True,
nan,Village Grill And Pizzeria,Athol,1331,https://villagegrillandpizzeria.square.site/,True,True,
nan,Village Kitchen,Cambridge,2138,,False,False,No website
111830.0,Village Pizza - 111830,Shirley,1464,http://www.villagepizzaofshirley.com/,True,True,
13577.0,Village Pizza - 13577,Ashburnham,1430,https://www.villagepizzaofashburnham.com/?utm_source=gbp,True,True,
45828.0,Village Pizza & Subs - 45828,Baldwinville,1436,,False,False,No website
56466.0,Village Pizza House - 56466,Brookline,2445,https://www.villagepizzahouseonline.com/,True,True,
55802.0,Walden Italian Kitchen - 55802,Concord,1742,https://www.toasttab.com/waldenitaliankitchen,True,True,
2408.0,Waltham Pizza - 2408,Waltham,2452,http://www.walthampizza.com/,True,True,
57976.0,Watch City Grill - 57976,Waltham,2452,https://pastelariawatchcitygrill.com/,True,True,
53223.0,Wayland Pizza House - 53223,Wayland,1778,https://waylandpizza.com/,True,True,
8607.0,Wayne's Pizza - 8607,Worcester,1606,http://www.waynespizzaofworcester.com/,True,True,
19939.0,Waypoint - 19939,Cambridge,2138,http://www.waypointharvard.com/,True,True,
nan,Wayside Pizza,Sudbury,1776,https://www.waysidepizzeria.com/,True,True,
12244.0,Wellesley North End Pizza - 12244,Wellesley,2481,http://wellesleynorthendpizza.com/,True,True,
11107.0,Wellington's Pizzeria - 11107,Medford,2155,http://www.wellingtonspizzeria.com/,True,True,
44143.0,West Boylston House of Pizza - 44143,West Boylston,1583,,False,False,No website
14925.0,West Broadway Pizza & Seafood - 14925,Gardner,1440,https://westbroadwaypizza.com/,True,True,
552.0,West Newton Pizza & Grill - 552,West Newton,2465,https://www.westnewtonpizzamenu.com/?utm_source=gbp,True,True,
nan,Westford House of Pizza,Westford,1886,https://www.westfordpizza.com/,True,True,
1896.0,White Sport Pizza & Subs - 1896,Somerville,2145,http://whitesportpizza.com/,True,True,
nan,ZA ARLINGTON,Arlington,2474,https://arlington.zarestaurant.com/,True,True,
nan,Za Cambridge,CAMBRIDGE,2142,https://cambridge.zarestaurant.com/cambridge-kendall-square-cambridge-za-cambridge-food-menu,True,True,
101461.0,ZaZa Pizzeria - 101461,Somerville,2145,http://www.zazasomerville.com/,True,True,
42629.0,Zedas Pizza - 42629,Fitchburg,1420,https://zedaspizza.com/?utm_source=google,True,True,
10339.0,Zedas Pizza & Restaurant - 10339,Athol,1331,https://zedaspizzaathol.com/,True,True,
54339.0,Ziggy's - 54339,Brighton,2135,https://ziggysbrighton.com/,True,True,
